id,created_at,content,author,anomaly,media,classificationtype,classificationConfiguration
5,2024-06-30 08:17:39.926209+00,"this doesn't look like a planet because the light curve is flat, with no real variation",981ad3be-7799-4f43-ae10-559602fac62b,5,"[[],{""assetMentioned"":""https://hlufptwhzkpkkjztimzo.supabase.co/storage/v1/object/public/anomalies/5/phased.png""}]",,
12,2024-07-01 15:16:29.437753+00,"There's no obvious dips, so either this isn't likely to be a planet or the phase fold hasn't been applied correctly",4d9a57e6-ea3c-4836-aa18-1c3ee7f6f725,4,"[[],{""assetMentioned"":""https://hlufptwhzkpkkjztimzo.supabase.co/storage/v1/object/public/anomalies/4/phased.png""}]",,
13,2024-07-01 15:17:35.758291+00,"There's some repeating arches in this shot, however a bit of noise is missing from the middle of the first arch. Not entirely identical either so unlikely to be anything other than legitimate cloud sources",4d9a57e6-ea3c-4836-aa18-1c3ee7f6f725,4,"[[],{""assetMentioned"":""https://hlufptwhzkpkkjztimzo.supabase.co/storage/v1/object/public/anomalies/4/clouds/84238508_04.png""}]",,"{""votes"": 1}"
14,2024-07-01 15:18:21.732921+00,"Greyscale image with some rocks, some trails/sediment that looks to have been kicked up by the movement of the rover",4d9a57e6-ea3c-4836-aa18-1c3ee7f6f725,585448,[],,
17,2024-07-06 10:45:49.491554+00,"Some repeating dips and bright points, dark sky/background with cloud/flashes coming from the bottom",ba8e612a-7d21-47b0-86fc-62c177225b69,2,"[[],{""assetMentioned"":""https://hlufptwhzkpkkjztimzo.supabase.co/storage/v1/object/public/anomalies/2/clouds/94904822_03.png""}]",,
18,2024-07-06 10:51:19.848151+00,"Seems to be a tilted landscape image, a sort of abrupt, dull peak relatively close-by with some mountains/hills in the distance, can ~estimate distance due to the colour.",ba8e612a-7d21-47b0-86fc-62c177225b69,881924,[],,
19,2024-07-06 11:20:23.607282+00,"parabolic curves with mostly the same flux (y-axis) height. Likely to be a planet, if phase-folded would confirm beyond doubt.",ba8e612a-7d21-47b0-86fc-62c177225b69,2,"[[],""https://hlufptwhzkpkkjztimzo.supabase.co/storage/v1/object/public/anomalies/2/phased.png""]",lightcurve,"{""Repeating dips"": true, ""Dips with similar size"": true}"
20,2024-07-06 12:01:44.495907+00,"Multiple clouds
White colour?
Blue colour
Intensity - bright, faint, medium ↓
Bright clouds
Faint clouds
Clouds cover most of the height
Clouds are smaller

Explain the meta/image visual light
Explain specifically what we're aiming to measure",ba8e612a-7d21-47b0-86fc-62c177225b69,2,"[[],{""assetMentioned"":""https://hlufptwhzkpkkjztimzo.supabase.co/storage/v1/object/public/anomalies/2/clouds/84238508_01.png""}]",,
21,2024-07-06 12:08:27.853865+00,"Dried-up water channels
Pebbles
Medium-sized rocks
Hills/Mountain formations
Volcano?
Mineral deposits
Sandy, rocky?

Show the camera & size/ref for each image
e.g. ""Zoomed"", ""Landscape Panoramic"", scale diagram",ba8e612a-7d21-47b0-86fc-62c177225b69,4258,[],,
25,2024-07-08 15:28:49.621386+00,"Most of the dips appear to be a similar magnitude of flux, with the greatest dip occurring around 0 jd",ba8e612a-7d21-47b0-86fc-62c177225b69,2,"[[],""https://hlufptwhzkpkkjztimzo.supabase.co/storage/v1/object/public/anomalies/2/phased.png""]",lightcurve,"{""Repeating dips"": true, ""Dips with similar size"": true}"
26,2024-07-10 14:17:45.712504+00,,353333e1-7576-49f6-8d85-0b9cbcc00eef,6,"[[],""https://hlufptwhzkpkkjztimzo.supabase.co/storage/v1/object/public/anomalies/6/phased.png""]",lightcurve,"{""Dips aligned to one side"": true}"
27,2024-07-10 14:22:38.180493+00,I cannot see the image,353333e1-7576-49f6-8d85-0b9cbcc00eef,6,"[[],{""assetMentioned"":""""}]",,
28,2024-07-10 14:25:30.957161+00,The underside of a rover,353333e1-7576-49f6-8d85-0b9cbcc00eef,9269,[],,
29,2024-07-10 14:25:39.037152+00,Mars sky,353333e1-7576-49f6-8d85-0b9cbcc00eef,73358,[],,
30,2024-07-10 14:25:51.092638+00,"Rocky mars ",353333e1-7576-49f6-8d85-0b9cbcc00eef,909346,[],,
31,2024-07-22 02:18:24.35435+00,Test,4d9a57e6-ea3c-4836-aa18-1c3ee7f6f725,4,"[[],""https://hlufptwhzkpkkjztimzo.supabase.co/storage/v1/object/public/anomalies/4/phased.png""]",lightcurve,"{""Repeating dips"": true}"
32,2024-07-22 03:57:45.203354+00,Test,4d9a57e6-ea3c-4836-aa18-1c3ee7f6f725,4,"[[],""https://hlufptwhzkpkkjztimzo.supabase.co/storage/v1/object/public/anomalies/4/phased.png""]",lightcurve,"{""Repeating dips"": true}"
33,2024-07-23 00:37:46.651473+00,Test,4d9a57e6-ea3c-4836-aa18-1c3ee7f6f725,4,"[[],{""assetMentioned"":""""}]",marsCloud,
34,2024-07-25 03:20:45.963906+00,Pretty rad,f1bbe6ba-ab77-4e1e-b54d-8f193309aafb,1,"[[],""https://hlufptwhzkpkkjztimzo.supabase.co/storage/v1/object/public/anomalies/1/phased.png""]",lightcurve,"{""No dips at all"": true}"
35,2024-07-27 16:26:43.133185+00,,4d9a57e6-ea3c-4836-aa18-1c3ee7f6f725,4,"[[],""https://hlufptwhzkpkkjztimzo.supabase.co/storage/v1/object/public/anomalies/4/phased.png""]",lightcurve,"{""Repeating dips"": true, ""Dips with similar size"": true}"
36,2024-08-18 13:39:05.830957+00,Amazing rover photo,f1bbe6ba-ab77-4e1e-b54d-8f193309aafb,1723988166357,"[[],""https://mars.nasa.gov/mars2020-raw-images/pub/ods/surface/sol/00542/ids/edr/browse/ncam/NLE_0542_0715060006_034ECM_N0264200SAPP00601_00_0LLJ01_1200.jpg""]",roverImg,"{""Sandy/rocky terrain"": true}"
37,2024-08-23 09:42:45.936649+00,,4d9a57e6-ea3c-4836-aa18-1c3ee7f6f725,1724406134841,"[[],""https://mars.nasa.gov/mars2020-raw-images/pub/ods/surface/sol/00863/ids/edr/browse/ncam/NLG_0863_0743547401_348ECM_N0420000NCAM00500_00_2I4J01_1200.jpg""]",roverImg,"{""Mineral deposits"": true, ""Dried-up water channels"": true}"
38,2024-09-03 12:11:09.156291+00,,4d9a57e6-ea3c-4836-aa18-1c3ee7f6f725,1725365456162,"[[],""https://mars.nasa.gov/mars2020-raw-images/pub/ods/surface/sol/00386/ids/edr/browse/ncam/NLF_0386_0701218449_912ECM_N0141176NCAM03386_01_195J01_1200.jpg""]",roverImg,"{""Mineral deposits"": false, ""Sandy/rocky terrain"": true, ""Hills/mountain formations"": true, ""Volcano (dormant/extinct)"": false, ""Pebbles/medium-sized rocks"": true}"
39,2024-09-13 06:36:14.109546+00,Planet,4d9a57e6-ea3c-4836-aa18-1c3ee7f6f725,4,"[[],""https://hlufptwhzkpkkjztimzo.supabase.co/storage/v1/object/public/anomalies/4/Binned.png""]",planet,"{""createdBy"": null, ""structureId"": null, ""activePlanet"": 4, ""exportedValue"": {""mass"": 7.8, ""radius"": 1.5}, ""Repeating dips"": true, ""Dips with similar size"": true, ""Dips aligned to one side"": true}"
40,2024-09-13 06:36:22.860532+00,Testgrtgf,4d9a57e6-ea3c-4836-aa18-1c3ee7f6f725,4,"[[],""https://hlufptwhzkpkkjztimzo.supabase.co/storage/v1/object/public/anomalies/4/Binned.png""]",planet,"{""createdBy"": null, ""planetType"": ""Terrestrial"", ""structureId"": null, ""temperature"": ""It's a real planet (Kepler-22b), apparently in the inner edge of its habitable zone, so let's say ~310K? , 310K"", ""activePlanet"": 4, ""commentInput"": ""Based on current scientific consensus, Terrestrial > Water world"", ""exportedValue"": {""mass"": 8.6, ""type"": """", ""biome"": ""Rocky Highlands"", ""radius"": 1, ""density"": 47.39, ""hasRings"": false, ""salinity"": 0.35, ""soilType"": ""rocky"", ""landmarks"": [{""type"": ""Mountain Peak"", ""events"": [], ""category"": ""terrestrial"", ""image_link"": """", ""coordinates"": {""x"": 0.5, ""y"": 0.8, ""z"": 0.3}, ""visual_effect"": ""None"", ""influence_type"": ""mountain"", ""influence_radius"": 0.5, ""classification_id"": ""LM-001"", ""influence_strength"": 0.7, ""influence_roughness"": 0.5}, {""type"": ""Great Storm"", ""events"": [], ""category"": ""gaseous"", ""image_link"": """", ""coordinates"": {""x"": -0.9931714278592942, ""y"": -0.09067853925240746, ""z"": 0.07340243458483099}, ""visual_effect"": ""Turbulence"", ""influence_type"": ""vortex"", ""influence_radius"": 0.9621397649948124, ""classification_id"": ""LM-139"", ""influence_strength"": 0, ""influence_roughness"": 0.6184464276642203}], ""cloudCount"": 30, ""liquidType"": ""water"", ""waterLevel"": 0.65, ""soilTexture"": ""rough"", ""temperature"": 288, ""waterHeight"": 0.65, ""biomassLevel"": 0.2, ""liquidEnabled"": true, ""mountainHeight"": 0.6, ""plateTectonics"": 0.8, ""terrainErosion"": 0.3, ""surfaceRoughness"": 0.5, ""volcanicActivity"": 0.3, ""atmosphereStrength"": 0.8, ""precipitationCompound"": ""water""}, ""Repeating dips"": true, ""planetConfiguration"": {""mass"": 3.9, ""seed"": 3448, ""type"": ""terrestrial"", ""colors"": {""snow"": ""#FFFFFF"", ""beach"": ""#F0E68C"", ""ocean"": ""#1E90FF"", ""lowland"": ""#32CD32"", ""midland"": ""#228B22"", ""highland"": ""#8B4513"", ""mountain"": ""#A0A0A0"", ""atmosphere"": ""#87CEEB"", ""oceanPattern"": ""#1E7FFF""}, ""radius"": 2.3, ""biomass"": 0.7, ""debugMode"": false, ""noiseScale"": 1, ""temperature"": 288, ""liquidHeight"": 0.55, ""continentSize"": 0.5, ""continentCount"": 5, ""visibleTerrains"": {""snow"": true, ""beach"": true, ""ocean"": true, ""lowland"": true, ""midland"": true, ""highland"": true, ""mountain"": true}, ""terrainRoughness"": 0.6, ""volcanicActivity"": 0.2}, ""Dips with similar size"": true, ""Dips aligned to one side"": true}"
41,2024-09-20 03:25:04.622821+00,,1bf7489c-e3a7-41fc-b666-ac0a83fceb01,1726802671623,"[[],""https://mars.nasa.gov/mars2020-raw-images/pub/ods/surface/sol/00451/ids/edr/browse/zcam/ZR0_0451_0706982894_803EBY_N0260000ZCAM08465_1100LMJ01_1200.jpg""]",roverImg,"{""createdBy"": null, ""structureId"": 1726802671623, ""activePlanet"": 3, ""Sandy/rocky terrain"": true}"
42,2024-09-20 03:26:16.396957+00,,1bf7489c-e3a7-41fc-b666-ac0a83fceb01,1726802761830,"[[],""https://mars.nasa.gov/mars2020-raw-images/pub/ods/surface/sol/00255/ids/edr/browse/ncam/NLF_0255_0689590570_027ECM_N0080000NCAM00514_01_295J01_1200.jpg""]",roverImg,"{""createdBy"": null, ""structureId"": 1726802761830, ""activePlanet"": 3, ""Sandy/rocky terrain"": true}"
43,2024-09-20 13:58:05.132962+00,,f1bbe6ba-ab77-4e1e-b54d-8f193309aafb,1,"[[],""https://hlufptwhzkpkkjztimzo.supabase.co/storage/v1/object/public/anomalies/1/Binned.png""]",planet,"{""createdBy"": null, ""structureId"": null, ""activePlanet"": 1, ""Dips with similar size"": true, ""Dips aligned to one side"": true}"
44,2024-09-20 13:59:58.339037+00,,f1bbe6ba-ab77-4e1e-b54d-8f193309aafb,1726840720929,"[[],""https://mars.nasa.gov/mars2020-raw-images/pub/ods/surface/sol/00776/ids/edr/browse/ncam/NLG_0776_0735843854_862ECM_N0390690NCAM00521_00_2I4J01_1200.jpg""]",roverImg,"{""createdBy"": null, ""structureId"": 1726840720929, ""activePlanet"": 1, ""Hills/mountain formations"": true}"
45,2024-09-26 09:56:05.352628+00,declining sine wave with intermittent repeating dips,d84b2120-1643-4cef-bf41-4dbbe80ccbdf,6,"[[],""https://hlufptwhzkpkkjztimzo.supabase.co/storage/v1/object/public/anomalies/6/Binned.png""]",planet,"{""createdBy"": null, ""structureId"": null, ""temperature"": ""1200"", ""activePlanet"": 6, ""Repeating dips"": true}"
46,2024-09-26 09:56:44.462489+00,"very arid looking land, seemingly dry on surface",d84b2120-1643-4cef-bf41-4dbbe80ccbdf,1727344578669,"[[],""https://mars.nasa.gov/mars2020-raw-images/pub/ods/surface/sol/00794/ids/edr/browse/ncam/NLF_0794_0737437777_506ECM_N0391036NCAM00514_01_295J01_1200.jpg""]",roverImg,"{""createdBy"": null, ""structureId"": 1727344578669, ""activePlanet"": 6, ""Sandy/rocky terrain"": true, ""Dried-up water channels"": true, ""Pebbles/medium-sized rocks"": true}"
47,2024-09-30 00:39:14.747416+00,Peaks are separated by about 10 days with a t0 of ~~2990,4d9a57e6-ea3c-4836-aa18-1c3ee7f6f725,6,"[[],""https://hlufptwhzkpkkjztimzo.supabase.co/storage/v1/object/public/anomalies/6/Binned.png""]",planet,"{""createdBy"": null, ""structureId"": null, ""activePlanet"": 69, ""Repeating dips"": true, ""Dips with similar size"": true}"
48,2024-10-07 10:16:11.420352+00,,4d9a57e6-ea3c-4836-aa18-1c3ee7f6f725,6,"[[],""https://hlufptwhzkpkkjztimzo.supabase.co/storage/v1/object/public/anomalies/6/Binned.png""]",planet,"{""createdBy"": null, ""structureId"": null, ""activePlanet"": 69, ""Repeating dips"": true, ""Dips with similar size"": true}"
49,2024-10-14 22:56:50.928985+00,,e37bc16e-603e-40ad-9151-9452da18af09,4567867,"[[],""https://hlufptwhzkpkkjztimzo.supabase.co/storage/v1/object/public/zoodex/zoodex-burrowingOwl/4567867.jpeg""]",zoodex-burrowingOwl,"{""createdBy"": null, ""structureId"": null, ""activePlanet"": 69, ""classificationOptions"": {""Baby owl"": true}}"
50,2024-10-16 13:06:02.090519+00,burrowing,d84b2120-1643-4cef-bf41-4dbbe80ccbdf,7575,"[[],""https://hlufptwhzkpkkjztimzo.supabase.co/storage/v1/object/public/zoodex/zoodex-burrowingOwl/7575.jpeg""]",zoodex-burrowingOwl,"{""createdBy"": null, ""structureId"": null, ""activePlanet"": 69, ""classificationOptions"": {""Adult owl"": true}}"
51,2024-10-17 07:08:40.543335+00,Test,4d9a57e6-ea3c-4836-aa18-1c3ee7f6f725,8423850802,"[[],""https://hlufptwhzkpkkjztimzo.supabase.co/storage/v1/object/public/clouds/8423850802.png""]",cloud,"{""votes"": 2, ""createdBy"": null, ""structureId"": null, ""activePlanet"": 69, ""classificationOptions"": {""1 cloud"": true, ""Wide arch"": true}}"
52,2024-10-17 07:12:29.842479+00,"Period between 4 and 5 days, around 10 flux either way (from Deta)",4d9a57e6-ea3c-4836-aa18-1c3ee7f6f725,269343479,"[[],""https://hlufptwhzkpkkjztimzo.supabase.co/storage/v1/object/public/anomalies/269343479/Binned.png""]",planet,"{""votes"": 2, ""createdBy"": 587, ""structureId"": null, ""activePlanet"": 69, ""classificationOptions"": {""Repeating dips"": true, ""Dips with similar size"": true}}"
53,2024-11-06 03:15:33.538274+00,"Empty noise area in the middle, but there is a general flow and shape on the left side",4d9a57e6-ea3c-4836-aa18-1c3ee7f6f725,277039287,"[[],""https://hlufptwhzkpkkjztimzo.supabase.co/storage/v1/object/public/anomalies/277039287/Binned.png""]",planet,"{""votes"": 6, ""createdBy"": 587, ""structureId"": null, ""activePlanet"": 69, ""additionalFields"": {""field_0"": ""Flux ~10 - negative 10""}, ""classificationOptions"": {"""": {""3"": true, ""4"": true}}}"
54,2024-12-03 11:19:05.259693+00,Hello,4d9a57e6-ea3c-4836-aa18-1c3ee7f6f725,57299130,"{""imageUrl"":""https://hlufptwhzkpkkjztimzo.supabase.co/storage/v1/object/public/anomalies/57299130/Binned.png""}",Exoplanet Transit,"{""createdBy"": ""Telescope"", ""structureId"": 613, ""activePlanet"": 30, ""classificationOptions"": {""noDips"": false, ""alignedDips"": true, ""repeatingDips"": false, ""similarSizeDips"": false}, ""planetGeneratorOptions"": {}}"
55,2024-12-03 11:19:11.845563+00,Hello,4d9a57e6-ea3c-4836-aa18-1c3ee7f6f725,21720215,"{""imageUrl"":""https://hlufptwhzkpkkjztimzo.supabase.co/storage/v1/object/public/anomalies/21720215/Binned.png""}",Exoplanet Transit,"{""createdBy"": ""Telescope"", ""structureId"": 613, ""activePlanet"": 30, ""classificationOptions"": {""noDips"": false, ""alignedDips"": true, ""repeatingDips"": false, ""similarSizeDips"": false}, ""planetGeneratorOptions"": {}}"
56,2024-12-05 08:05:18.621943+00,,4d9a57e6-ea3c-4836-aa18-1c3ee7f6f725,6,"[[],""https://hlufptwhzkpkkjztimzo.supabase.co/storage/v1/object/public/anomalies/6/Binned.png""]",planet,"{""createdBy"": null, ""structureId"": null, ""activePlanet"": 30, ""additionalFields"": {}, ""classificationOptions"": {"""": {""1"": false, ""2"": true, ""3"": true}}}"
57,2024-12-05 08:05:32.711518+00,5,4d9a57e6-ea3c-4836-aa18-1c3ee7f6f725,101266259,"[[],""https://hlufptwhzkpkkjztimzo.supabase.co/storage/v1/object/public/telescope/telescope-sunspots/101266259.png""]",sunspot,"{""createdBy"": null, ""structureId"": null, ""activePlanet"": 30, ""additionalFields"": {}, ""classificationOptions"": {}}"
58,2024-12-06 13:55:07.18651+00,,fd05b378-881f-440f-8375-ae09f42747a4,6,"[[],""https://hlufptwhzkpkkjztimzo.supabase.co/storage/v1/object/public/anomalies/6/Binned.png""]",planet,"{""createdBy"": null, ""structureId"": null, ""activePlanet"": 30, ""additionalFields"": {}, ""classificationOptions"": {"""": {""2"": true, ""3"": true}}}"
59,2024-12-06 13:55:10.472518+00,,fd05b378-881f-440f-8375-ae09f42747a4,6,"[[],""https://hlufptwhzkpkkjztimzo.supabase.co/storage/v1/object/public/anomalies/6/Binned.png""]",planet,"{""createdBy"": null, ""structureId"": null, ""activePlanet"": 30, ""additionalFields"": {}, ""classificationOptions"": {}}"
60,2024-12-06 13:55:15.234748+00,,fd05b378-881f-440f-8375-ae09f42747a4,6,"[[],""https://hlufptwhzkpkkjztimzo.supabase.co/storage/v1/object/public/anomalies/6/Binned.png""]",planet,"{""createdBy"": null, ""structureId"": null, ""activePlanet"": 30, ""additionalFields"": {}, ""classificationOptions"": {"""": {""2"": true, ""3"": true}}}"
61,2024-12-06 13:55:23.761017+00,,fd05b378-881f-440f-8375-ae09f42747a4,6,"[[],""https://hlufptwhzkpkkjztimzo.supabase.co/storage/v1/object/public/anomalies/6/Binned.png""]",planet,"{""createdBy"": null, ""structureId"": null, ""activePlanet"": 30, ""additionalFields"": {}, ""classificationOptions"": {"""": {""2"": true, ""3"": true}}}"
62,2024-12-18 12:44:13.790211+00,Don't see any green circles or things to follow right now,4d9a57e6-ea3c-4836-aa18-1c3ee7f6f725,87659096,"[[],[""https://hlufptwhzkpkkjztimzo.supabase.co/storage/v1/object/public/telescope/telescope-dailyMinorPlanet/87659096/1.png"",""https://hlufptwhzkpkkjztimzo.supabase.co/storage/v1/object/public/telescope/telescope-dailyMinorPlanet/87659096/2.png"",""https://hlufptwhzkpkkjztimzo.supabase.co/storage/v1/object/public/telescope/telescope-dailyMinorPlanet/87659096/3.png"",""https://hlufptwhzkpkkjztimzo.supabase.co/storage/v1/object/public/telescope/telescope-dailyMinorPlanet/87659096/4.png""]]",telescope-minorPlanet,"{""votes"": 1, ""createdBy"": 613, ""structureId"": null, ""activePlanet"": 30, ""additionalFields"": {}, ""classificationOptions"": {"""": {""1"": true, ""2"": false}}}"
63,2024-12-20 11:06:50.580573+00,I see some possible rings around the edges,4d9a57e6-ea3c-4836-aa18-1c3ee7f6f725,8423850804,"[[],""https://hlufptwhzkpkkjztimzo.supabase.co/storage/v1/object/public/clouds/8423850804.png""]",cloud,"{""createdBy"": 589, ""activePlanet"": 30, ""additionalFields"": {}, ""classificationOptions"": {"""": {""1"": true, ""2"": true}, ""Blue colour"": {""1"": true}, ""White colour"": {""2"": true}}}"
64,2025-01-11 13:45:36.453154+00,"There is a clear dip, but a bit of missing data and no valid repitition from this phase",4d9a57e6-ea3c-4836-aa18-1c3ee7f6f725,277039287,"[[],[""https://hlufptwhzkpkkjztimzo.supabase.co/storage/v1/object/public/anomalies/277039287/Binned.png""]]",planet,"{""createdBy"": 613, ""activePlanet"": 30, ""additionalFields"": {}, ""classificationOptions"": {"""": {""3"": true}}}"
65,2025-01-11 13:49:06.463778+00,Same as the previous one. We need more phases,4d9a57e6-ea3c-4836-aa18-1c3ee7f6f725,277039287,"[[],[""https://hlufptwhzkpkkjztimzo.supabase.co/storage/v1/object/public/media/1736603331561-4d9a57e6-ea3c-4836-aa18-1c3ee7f6f725-annotated-image.png"",""https://hlufptwhzkpkkjztimzo.supabase.co/storage/v1/object/public/anomalies/277039287/Binned.png""]]",planet,"{""createdBy"": 613, ""activePlanet"": 30, ""additionalFields"": {}, ""classificationOptions"": {"""": {""2"": false, ""3"": true}}}"
66,2025-01-16 10:06:51.542658+00,"Very short period, methinks",4d9a57e6-ea3c-4836-aa18-1c3ee7f6f725,210904767,"[[],[""https://hlufptwhzkpkkjztimzo.supabase.co/storage/v1/object/public/media/1737021998703-4d9a57e6-ea3c-4836-aa18-1c3ee7f6f725-annotated-image.png"",""https://hlufptwhzkpkkjztimzo.supabase.co/storage/v1/object/public/anomalies/210904767/Binned.png"",""https://hlufptwhzkpkkjztimzo.supabase.co/storage/v1/object/public/anomalies/210904767/Sector1.png"",""210904767""]]",planet,"{""createdBy"": null, ""activePlanet"": 30, ""additionalFields"": {}, ""parentPlanetLocation"": null, ""classificationOptions"": {"""": {""2"": true, ""3"": true}}}"
67,2025-01-28 06:56:00.283379+00,,4d9a57e6-ea3c-4836-aa18-1c3ee7f6f725,210904767,"[[],[""https://hlufptwhzkpkkjztimzo.supabase.co/storage/v1/object/public/media/1738047337163-4d9a57e6-ea3c-4836-aa18-1c3ee7f6f725-annotated-image.png"",""anomalies/210904767/Sector2.png"",""https://hlufptwhzkpkkjztimzo.supabase.co/storage/v1/object/public/anomalies/210904767/Binned.png"",""https://hlufptwhzkpkkjztimzo.supabase.co/storage/v1/object/public/anomalies/210904767/Sector1.png"",""210904767""]]",planet,"{""createdBy"": null, ""activePlanet"": 30, ""exportedValue"": {""mass"": 8.5, ""radius"": 1.9}, ""additionalFields"": {}, ""annotationOptions"": [""Custom (x2)""], ""parentPlanetLocation"": null, ""classificationOptions"": {"""": {""2"": true}}}"
68,2025-01-28 12:28:00.23171+00,I see some small loops that appear indicative of a positive result.,4d9a57e6-ea3c-4836-aa18-1c3ee7f6f725,9490482202,"[[],[""https://hlufptwhzkpkkjztimzo.supabase.co/storage/v1/object/public/media/1738067254484-4d9a57e6-ea3c-4836-aa18-1c3ee7f6f725-annotated-image.png"",""https://hlufptwhzkpkkjztimzo.supabase.co/storage/v1/object/public/clouds/9490482202.png""]]",cloud,"{""createdBy"": null, ""activePlanet"": 30, ""additionalFields"": {}, ""annotationOptions"": [""Custom (x2)""], ""parentPlanetLocation"": ""4"", ""classificationOptions"": {"""": {""1"": true, ""2"": true}, ""Blue colour"": {""2"": true}, ""White colour"": {""1"": false, ""2"": true}}}"
69,2025-02-03 09:30:17.874442+00,,f1bbe6ba-ab77-4e1e-b54d-8f193309aafb,6,"[[],""https://hlufptwhzkpkkjztimzo.supabase.co/storage/v1/object/public/anomalies/6/Binned.png""]",planet,"{""createdBy"": null, ""activePlanet"": 30, ""additionalFields"": {}, ""parentPlanetLocation"": null, ""classificationOptions"": {"""": {""2"": true}}}"
70,2025-02-04 14:30:50.586448+00,I'm not quite sure about the difference between fans and blotches here,4d9a57e6-ea3c-4836-aa18-1c3ee7f6f725,69165042,"[[],[""https://hlufptwhzkpkkjztimzo.supabase.co/storage/v1/object/public/media/1738679423074-4d9a57e6-ea3c-4836-aa18-1c3ee7f6f725-annotated-image.png"",""https://hlufptwhzkpkkjztimzo.supabase.co/storage/v1/object/public/telescope/satellite-planetFour/69165042.jpeg""]]",satellite-planetFour,"{""createdBy"": 613, ""activePlanet"": 30, ""additionalFields"": {}, ""annotationOptions"": [""Blotch (x9)"", ""Fan (x4)""], ""parentPlanetLocation"": ""4"", ""classificationOptions"": {"""": {""2"": true, ""3"": true}}}"
71,2025-02-04 15:26:20.985936+00,,4d9a57e6-ea3c-4836-aa18-1c3ee7f6f725,57511636,"[[],""https://hlufptwhzkpkkjztimzo.supabase.co/storage/v1/object/public/telescope/automaton-aiForMars/57511636.jpeg""]",automaton-aiForMars,"{""createdBy"": null, ""activePlanet"": 30, ""additionalFields"": {}, ""parentPlanetLocation"": null, ""classificationOptions"": {"""": {""1"": true, ""4"": true}}}"
72,2025-02-04 15:27:30.944355+00,Interesting ridges that I think would fit more alongside other big rocks than anything else,4d9a57e6-ea3c-4836-aa18-1c3ee7f6f725,57511636,"[[],[""https://hlufptwhzkpkkjztimzo.supabase.co/storage/v1/object/public/media/1738682829100-4d9a57e6-ea3c-4836-aa18-1c3ee7f6f725-annotated-image.png"",""https://hlufptwhzkpkkjztimzo.supabase.co/storage/v1/object/public/telescope/automaton-aiForMars/57511636.jpeg""]]",automaton-aiForMars,"{""createdBy"": null, ""activePlanet"": 30, ""additionalFields"": {}, ""annotationOptions"": [""Custom (x1)"", ""Sand (x2)"", ""Consolidated Soil (x2)"", ""Bedrock (x2)""], ""parentPlanetLocation"": null, ""classificationOptions"": {"""": {""2"": true, ""3"": true, ""4"": true}}}"
73,2025-02-07 13:47:20.063767+00,"Some rocky chunks that aren't flat enough to be considered bedrock, but are too small to be ""large/big rocks""",4d9a57e6-ea3c-4836-aa18-1c3ee7f6f725,74652678,"[[],[""https://hlufptwhzkpkkjztimzo.supabase.co/storage/v1/object/public/media/1738936016112-4d9a57e6-ea3c-4836-aa18-1c3ee7f6f725-annotated-image.png"",""https://hlufptwhzkpkkjztimzo.supabase.co/storage/v1/object/public/telescope/automaton-aiForMars/74652678.jpeg""]]",automaton-aiForMars,"{""createdBy"": null, ""activePlanet"": 30, ""additionalFields"": {}, ""annotationOptions"": [""Bedrock (x2)"", ""Sand (x3)"", ""Big Rocks (x1)""], ""parentPlanetLocation"": null, ""classificationOptions"": {"""": {""1"": true, ""2"": true, ""3"": true, ""4"": true, ""5"": true}}}"
74,2025-02-07 13:48:48.146584+00,,4d9a57e6-ea3c-4836-aa18-1c3ee7f6f725,46374544,"[[],[""https://hlufptwhzkpkkjztimzo.supabase.co/storage/v1/object/public/media/1738936116549-4d9a57e6-ea3c-4836-aa18-1c3ee7f6f725-annotated-image.png"",""https://hlufptwhzkpkkjztimzo.supabase.co/storage/v1/object/public/telescope/satellite-planetFour/46374544.jpeg""]]",satellite-planetFour,"{""createdBy"": 613, ""activePlanet"": 30, ""additionalFields"": {}, ""annotationOptions"": [""Custom (x1)"", ""Fan (x2)"", ""Blotch (x1)""], ""parentPlanetLocation"": ""4"", ""classificationOptions"": {"""": {""1"": true, ""5"": true}}}"
75,2025-02-10 15:29:15.776889+00,Mean dip of ~+12 from 'mean' (center point on y-axis) of 2500,4d9a57e6-ea3c-4836-aa18-1c3ee7f6f725,269343479,"[[],[""https://hlufptwhzkpkkjztimzo.supabase.co/storage/v1/object/public/media/1739201269224-4d9a57e6-ea3c-4836-aa18-1c3ee7f6f725-annotated-image.png"",""269343479""]]",planet,"{""createdBy"": 613, ""activePlanet"": 30, ""exportedValue"": {""mass"": 3, ""radius"": 0.9}, ""additionalFields"": {""field_0"": ""Period of ~6 days, I think?""}, ""annotationOptions"": [""Custom (x2)"", ""Clear dip (x5)"", ""Missing (x1)""], ""parentPlanetLocation"": null, ""classificationOptions"": {"""": {""2"": true, ""3"": true}}}"
76,2025-02-19 08:40:16.240902+00,"Dips are almost the same size throughout. Small area without any data, little bit of noise at the start of the sector; but overall this is likely a legitimate planet due to the constant frequency and amplitude of the dips.",4d9a57e6-ea3c-4836-aa18-1c3ee7f6f725,269343479,"[[],[""https://hlufptwhzkpkkjztimzo.supabase.co/storage/v1/object/public/media/1739954333831-4d9a57e6-ea3c-4836-aa18-1c3ee7f6f725-annotated-image.png"",""269343479""]]",planet,"{""votes"": 1, ""createdBy"": 613, ""planetType"": ""Gaseous"", ""activePlanet"": 30, ""exportedValue"": {""mass"": 5.9, ""radius"": 2.1}, ""additionalFields"": {""field_0"": ""Orbital period of ~5 days according to this graph, so it's probably quite hot.""}, ""annotationOptions"": [""Missing (x1)"", ""Clear dip (x5)"", ""Noise (x1)""], ""parentPlanetLocation"": null, ""classificationOptions"": {"""": {""2"": true, ""3"": true}}}"
77,2025-02-22 21:45:10.087369+00,"There's quite a few of them here, but they all look to be adults
",4d9a57e6-ea3c-4836-aa18-1c3ee7f6f725,7575247575,"[[],""https://hlufptwhzkpkkjztimzo.supabase.co/storage/v1/object/public/zoodex/zoodex-burrowingOwl/7575247575.jpeg""]",zoodex-burrowingOwl,"{""createdBy"": 596, ""activePlanet"": 30, ""additionalFields"": {}, ""parentPlanetLocation"": null, ""classificationOptions"": {"""": {""1"": true, ""2"": true}}}"
78,2025-02-27 13:27:06.350462+00,"I think there's a small loop, but it's quite hard to tell",4d9a57e6-ea3c-4836-aa18-1c3ee7f6f725,84238508,"[[],[""https://hlufptwhzkpkkjztimzo.supabase.co/storage/v1/object/public/media/1740662807138-4d9a57e6-ea3c-4836-aa18-1c3ee7f6f725-annotated-image.png"",""https://hlufptwhzkpkkjztimzo.supabase.co/storage/v1/object/public/clouds/84238508.png""]]",cloud,"{""createdBy"": 589, ""activePlanet"": 30, ""additionalFields"": {""field_0"": ""unknown""}, ""annotationOptions"": [""Peak (x1)""], ""parentPlanetLocation"": ""4"", ""classificationOptions"": {"""": {""1"": true}, ""White colour"": {""1"": true}}}"
79,2025-02-27 13:33:02.76879+00,"I think there's definitely one loop, maybe 2",4d9a57e6-ea3c-4836-aa18-1c3ee7f6f725,9490482201,"[[],[""https://hlufptwhzkpkkjztimzo.supabase.co/storage/v1/object/public/media/1740663169309-4d9a57e6-ea3c-4836-aa18-1c3ee7f6f725-annotated-image.png"",""https://hlufptwhzkpkkjztimzo.supabase.co/storage/v1/object/public/clouds/9490482201.png""]]",cloud,"{""createdBy"": 589, ""activePlanet"": 30, ""additionalFields"": {""field_0"": ""unknown, for now""}, ""annotationOptions"": [""Custom (x1)"", ""Peak (x3)""], ""parentPlanetLocation"": ""4"", ""classificationOptions"": {"""": {""1"": true}}}"
80,2025-03-01 09:15:55.904716+00,One point of interest that could either be two peaks or one loop,4d9a57e6-ea3c-4836-aa18-1c3ee7f6f725,84238508,"[[],[""https://hlufptwhzkpkkjztimzo.supabase.co/storage/v1/object/public/media/1740820537592-4d9a57e6-ea3c-4836-aa18-1c3ee7f6f725-annotated-image.png"",""https://hlufptwhzkpkkjztimzo.supabase.co/storage/v1/object/public/clouds/84238508.png""]]",cloud,"{""createdBy"": 589, ""activePlanet"": 30, ""additionalFields"": {}, ""annotationOptions"": [""Custom (x1)"", ""Peak (x1)""], ""classificationParent"": null, ""parentPlanetLocation"": ""6"", ""classificationOptions"": {"""": {""1"": true}}}"
81,2025-03-06 09:52:49.670263+00,"And some blurry stuff, too",4d9a57e6-ea3c-4836-aa18-1c3ee7f6f725,77764157,"[[],[""https://hlufptwhzkpkkjztimzo.supabase.co/storage/v1/object/public/media/1741254756407-4d9a57e6-ea3c-4836-aa18-1c3ee7f6f725-annotated-image.png"",""https://hlufptwhzkpkkjztimzo.supabase.co/storage/v1/object/public/telescope/lidar-jovianVortexHunter/77764157.png""]]",lidar-jovianVortexHunter,"{""createdBy"": 589, ""activePlanet"": 30, ""additionalFields"": {}, ""annotationOptions"": [""Custom (x3)"", ""Turbulent region (x2)"", ""Vortex (x1)"", ""Cloud bands (x1)""], ""classificationParent"": null, ""parentPlanetLocation"": null, ""classificationOptions"": {"""": {""1"": true, ""2"": true, ""3"": true, ""4"": true}}}"
82,2025-03-08 06:03:17.90421+00,"A lot of smooth terrain, what could either be creases or cracks. One fan-shaped blotch, but I am leaning towards a fan",4d9a57e6-ea3c-4836-aa18-1c3ee7f6f725,54948407,"[[],[""https://hlufptwhzkpkkjztimzo.supabase.co/storage/v1/object/public/media/1741413766040-4d9a57e6-ea3c-4836-aa18-1c3ee7f6f725-annotated-image.png"",""https://hlufptwhzkpkkjztimzo.supabase.co/storage/v1/object/public/telescope/satellite-planetFour/54948407.jpeg""]]",satellite-planetFour,"{""createdBy"": 613, ""activePlanet"": 30, ""additionalFields"": {}, ""annotationOptions"": [""Custom (x1)"", ""Fan (x1)""], ""classificationParent"": null, ""parentPlanetLocation"": ""6"", ""classificationOptions"": {"""": {""2"": true, ""5"": true}}}"
83,2025-03-08 07:01:05.371854+00,A lot of it is taken up by the rover :),4d9a57e6-ea3c-4836-aa18-1c3ee7f6f725,57166042,"[[],[""https://hlufptwhzkpkkjztimzo.supabase.co/storage/v1/object/public/media/1741417233779-4d9a57e6-ea3c-4836-aa18-1c3ee7f6f725-annotated-image.png"",""https://hlufptwhzkpkkjztimzo.supabase.co/storage/v1/object/public/telescope/automaton-aiForMars/57166042.jpeg""]]",automaton-aiForMars,"{""createdBy"": null, ""activePlanet"": 30, ""additionalFields"": {}, ""annotationOptions"": [""Custom (x2)"", ""Consolidated Soil (x2)""], ""classificationParent"": 4, ""parentPlanetLocation"": ""4"", ""classificationOptions"": {"""": {""2"": true, ""3"": true, ""5"": true}}}"
84,2025-03-11 05:49:37.969719+00,"Constant dip amplitude, with a small amount of missing fields in the middle",4d9a57e6-ea3c-4836-aa18-1c3ee7f6f725,269343479,"[[],[""https://hlufptwhzkpkkjztimzo.supabase.co/storage/v1/object/public/media/1741672117648-4d9a57e6-ea3c-4836-aa18-1c3ee7f6f725-annotated-image.png"",""269343479""]]",planet,"{""createdBy"": 613, ""activePlanet"": 30, ""additionalFields"": {""field_0"": ""Probably a relatively large & hot planet, due to the amplitude length and the transit frequency (aka orbital period)""}, ""annotationOptions"": [""Custom (x1)"", ""Missing (x1)"", ""Clear dip (x5)"", ""Noise (x1)""], ""classificationParent"": null, ""parentPlanetLocation"": null, ""classificationOptions"": {"""": {""2"": true, ""3"": true}}}"
85,2025-03-14 10:41:35.247109+00,A few arches towards the right of the panel,4d9a57e6-ea3c-4836-aa18-1c3ee7f6f725,75332022,"[[],[""https://hlufptwhzkpkkjztimzo.supabase.co/storage/v1/object/public/media/1741948869649-4d9a57e6-ea3c-4836-aa18-1c3ee7f6f725-annotated-image.png"",""https://hlufptwhzkpkkjztimzo.supabase.co/storage/v1/object/public/clouds/75332022.png""]]",cloud,"{""createdBy"": 589, ""activePlanet"": 30, ""additionalFields"": {""field_0"": ""Higher altitude""}, ""annotationOptions"": [""Peak (x5)""], ""classificationParent"": null, ""parentPlanetLocation"": ""4"", ""classificationOptions"": {"""": {""1"": true, ""2"": true, ""5"": true}, ""Narrow arch"": {""1"": true}}}"
86,2025-03-23 15:58:52.38655+00,"The beginning/bottom of what looks like a [great?] red spot. Seems a bit zoomed in, though",4d9a57e6-ea3c-4836-aa18-1c3ee7f6f725,77762176,"[[],[""https://hlufptwhzkpkkjztimzo.supabase.co/storage/v1/object/public/media/1742745503663-4d9a57e6-ea3c-4836-aa18-1c3ee7f6f725-annotated-image.png"",""https://hlufptwhzkpkkjztimzo.supabase.co/storage/v1/object/public/telescope/lidar-jovianVortexHunter/77762176.png""]]",lidar-jovianVortexHunter,"{""createdBy"": 589, ""activePlanet"": 30, ""additionalFields"": {}, ""annotationOptions"": [""Turbulent region (x1)"", ""Vortex (x1)""], ""classificationParent"": null, ""parentPlanetLocation"": null, ""classificationOptions"": {"""": {""1"": true, ""2"": true}}}"
87,2025-03-23 16:25:28.498603+00,Test,4d9a57e6-ea3c-4836-aa18-1c3ee7f6f725,104285810,"[[],[""https://hlufptwhzkpkkjztimzo.supabase.co/storage/v1/object/public/media/1742747085442-4d9a57e6-ea3c-4836-aa18-1c3ee7f6f725-annotated-image.png"",""https://hlufptwhzkpkkjztimzo.supabase.co/storage/v1/object/public/telescope/balloon-marsCloudsShapes/104285810/104285810/1042858101.png""]]",balloon-marsCloudShapes,"{""createdBy"": 589, ""activePlanet"": 30, ""additionalFields"": {}, ""annotationOptions"": [""Custom (x1)""], ""classificationParent"": 4, ""parentPlanetLocation"": ""4"", ""classificationOptions"": {"""": {""1"": true}}}"
88,2025-03-31 10:14:38.354568+00,4,4d9a57e6-ea3c-4836-aa18-1c3ee7f6f725,329981856,"[[],[""https://hlufptwhzkpkkjztimzo.supabase.co/storage/v1/object/public/media/1743416048966-4d9a57e6-ea3c-4836-aa18-1c3ee7f6f725-annotated-image.png"",""329981856""]]",planet,"{""createdBy"": 613, ""activePlanet"": 30, ""additionalFields"": {""field_0"": ""Period?""}, ""annotationOptions"": [""Clear dip (x4)"", ""Missing (x1)""], ""classificationParent"": null, ""parentPlanetLocation"": null, ""classificationOptions"": {}}"
89,2025-04-02 12:42:50.766179+00,From Curiosity!,4d9a57e6-ea3c-4836-aa18-1c3ee7f6f725,57161224,"[[],[""https://hlufptwhzkpkkjztimzo.supabase.co/storage/v1/object/public/media/1743597758558-4d9a57e6-ea3c-4836-aa18-1c3ee7f6f725-annotated-image.png"",""https://hlufptwhzkpkkjztimzo.supabase.co/storage/v1/object/public/telescope/automaton-aiForMars/57161224.jpeg""]]",automaton-aiForMars,"{""createdBy"": null, ""activePlanet"": 30, ""additionalFields"": {}, ""annotationOptions"": [""Consolidated Soil (x4)""], ""classificationParent"": 4, ""parentPlanetLocation"": ""4"", ""classificationOptions"": {"""": {""1"": true, ""2"": true, ""5"": true}}}"
90,2025-04-16 10:29:36.057243+00,It would probably be good to improve the resolution of the content here at some point,4d9a57e6-ea3c-4836-aa18-1c3ee7f6f725,104283739,"[[],[""https://hlufptwhzkpkkjztimzo.supabase.co/storage/v1/object/public/media/1744799354573-4d9a57e6-ea3c-4836-aa18-1c3ee7f6f725-annotated-image.png"",""https://hlufptwhzkpkkjztimzo.supabase.co/storage/v1/object/public/telescope/balloon-marsCloudsShapes/104283739/104283739/1042837391.png""]]",balloon-marsCloudShapes,"{""createdBy"": 589, ""activePlanet"": 30, ""additionalFields"": {}, ""annotationOptions"": [""Streak cloud (x1)""], ""classificationParent"": 4, ""parentPlanetLocation"": ""4"", ""classificationOptions"": {"""": {""1"": true}}}"
91,2025-04-19 09:06:42.922348+00,"There are consistent dips in data, but it is a bit too messy to be 100% confident these dips are indicative of a planet and not some other event",4d9a57e6-ea3c-4836-aa18-1c3ee7f6f725,347332255,"[[],[""https://hlufptwhzkpkkjztimzo.supabase.co/storage/v1/object/public/media/1745053565799-4d9a57e6-ea3c-4836-aa18-1c3ee7f6f725-annotated-image.png"",""347332255""]]",planet,"{""createdBy"": 613, ""activePlanet"": 30, ""additionalFields"": {""field_0"": ""3""}, ""annotationOptions"": [""Custom (x6)"", ""Noise (x1)"", ""Missing (x1)""], ""classificationParent"": null, ""parentPlanetLocation"": null, ""classificationOptions"": {"""": {""2"": true, ""3"": true}}}"
92,2025-04-19 09:10:00.041896+00,"I don't really see all that much here, tbh",4d9a57e6-ea3c-4836-aa18-1c3ee7f6f725,425997655,"[[],[""https://hlufptwhzkpkkjztimzo.supabase.co/storage/v1/object/public/media/1745053787878-4d9a57e6-ea3c-4836-aa18-1c3ee7f6f725-annotated-image.png"",""425997655""]]",planet,"{""createdBy"": 613, ""activePlanet"": 30, ""additionalFields"": {""field_0"": ""0""}, ""annotationOptions"": [""Missing (x2)"", ""Noise (x1)""], ""classificationParent"": null, ""parentPlanetLocation"": null, ""classificationOptions"": {"""": {""1"": true}}}"
93,2025-04-28 16:06:28.764929+00,This represents Mars,4d9a57e6-ea3c-4836-aa18-1c3ee7f6f725,400,"[[], [""https://hlufptwhzkpkkjztimzo.supabase.co/storage/v1/object/public/media/1743416048966-4d9a57e6-ea3c-4836-aa18-1c3ee7f6f725-annotated-image.png"", ""329981856""]]",planet,"{""createdBy"": 613, ""activePlanet"": 30, ""additionalFields"": {""field_0"": ""Period?: 687""}, ""annotationOptions"": [""Clear dip (x4)""], ""classificationParent"": 400, ""parentPlanetLocation"": 400, ""classificationOptions"": {}}"
94,2025-04-28 16:08:10.164901+00,This represents Jupiter,4d9a57e6-ea3c-4836-aa18-1c3ee7f6f725,50,"[[], [""https://hlufptwhzkpkkjztimzo.supabase.co/storage/v1/object/public/media/1740662807138-4d9a57e6-ea3c-4836-aa18-1c3ee7f6f725-annotated-image.png"", ""https://hlufptwhzkpkkjztimzo.supabase.co/storage/v1/object/public/clouds/84238508.png""]]",planet,"{""createdBy"": 613, ""activePlanet"": 30, ""exportedValue"": {""mass"": 3, ""radius"": 0.9}, ""additionalFields"": {""field_0"": ""Period of 4341 days, I think?""}, ""annotationOptions"": [""Custom (x2)"", ""Clear dip (x5)"", ""Missing (x1)""], ""parentPlanetLocation"": null, ""classificationOptions"": {"""": {""2"": true, ""3"": true}}}"
95,2025-05-12 01:22:00.975759+00,"Blue circle/object with a white core, completely enveloped within both circles",4d9a57e6-ea3c-4836-aa18-1c3ee7f6f725,70403661,"[[],""https://hlufptwhzkpkkjztimzo.supabase.co/storage/v1/object/public/telescope/telescope-diskDetective/70403661/1.png""]",DiskDetective,"{""createdBy"": null, ""activePlanet"": 30, ""additionalFields"": {}, ""classificationParent"": null, ""parentPlanetLocation"": null, ""classificationOptions"": {"""": {""4"": true}}}"
96,2025-05-16 11:26:34.88005+00,,4d9a57e6-ea3c-4836-aa18-1c3ee7f6f725,69164744,"[[],[""https://hlufptwhzkpkkjztimzo.supabase.co/storage/v1/object/public/media/1747394791308-4d9a57e6-ea3c-4836-aa18-1c3ee7f6f725-annotated-image.png"",""https://hlufptwhzkpkkjztimzo.supabase.co/storage/v1/object/public/telescope/satellite-planetFour/69164744.jpeg""]]",satellite-planetFour,"{""createdBy"": 613, ""activePlanet"": 30, ""additionalFields"": {}, ""annotationOptions"": [""Blotch (x1)"", ""Fan (x1)""], ""classificationParent"": null, ""parentPlanetLocation"": ""4"", ""classificationOptions"": {"""": {""2"": true, ""3"": true}}}"
97,2025-05-18 02:37:20.119061+00,Not really much similarity to be seen between images,4d9a57e6-ea3c-4836-aa18-1c3ee7f6f725,88341827,"[[],[""https://hlufptwhzkpkkjztimzo.supabase.co/storage/v1/object/public/telescope/telescope-dailyMinorPlanet/88341827/1.png"",""https://hlufptwhzkpkkjztimzo.supabase.co/storage/v1/object/public/telescope/telescope-dailyMinorPlanet/88341827/2.png"",""https://hlufptwhzkpkkjztimzo.supabase.co/storage/v1/object/public/telescope/telescope-dailyMinorPlanet/88341827/3.png"",""https://hlufptwhzkpkkjztimzo.supabase.co/storage/v1/object/public/telescope/telescope-dailyMinorPlanet/88341827/4.png""]]",telescope-minorPlanet,"{""createdBy"": 613, ""activePlanet"": 30, ""additionalFields"": {}, ""classificationParent"": null, ""parentPlanetLocation"": null, ""classificationOptions"": {"""": {""1"": true}}}"
98,2025-05-18 02:37:32.09769+00,,4d9a57e6-ea3c-4836-aa18-1c3ee7f6f725,87658669,"[[],[""https://hlufptwhzkpkkjztimzo.supabase.co/storage/v1/object/public/telescope/telescope-dailyMinorPlanet/87658669/1.png"",""https://hlufptwhzkpkkjztimzo.supabase.co/storage/v1/object/public/telescope/telescope-dailyMinorPlanet/87658669/2.png"",""https://hlufptwhzkpkkjztimzo.supabase.co/storage/v1/object/public/telescope/telescope-dailyMinorPlanet/87658669/3.png"",""https://hlufptwhzkpkkjztimzo.supabase.co/storage/v1/object/public/telescope/telescope-dailyMinorPlanet/87658669/4.png""]]",telescope-minorPlanet,"{""createdBy"": 613, ""activePlanet"": 30, ""additionalFields"": {}, ""classificationParent"": null, ""parentPlanetLocation"": null, ""classificationOptions"": {"""": {""1"": true}}}"
99,2025-05-18 02:37:43.932993+00,,4d9a57e6-ea3c-4836-aa18-1c3ee7f6f725,100879215,"[[],[""https://hlufptwhzkpkkjztimzo.supabase.co/storage/v1/object/public/telescope/telescope-dailyMinorPlanet/100879215/1.png"",""https://hlufptwhzkpkkjztimzo.supabase.co/storage/v1/object/public/telescope/telescope-dailyMinorPlanet/100879215/2.png"",""https://hlufptwhzkpkkjztimzo.supabase.co/storage/v1/object/public/telescope/telescope-dailyMinorPlanet/100879215/3.png"",""https://hlufptwhzkpkkjztimzo.supabase.co/storage/v1/object/public/telescope/telescope-dailyMinorPlanet/100879215/4.png""]]",telescope-minorPlanet,"{""createdBy"": 613, ""activePlanet"": 30, ""additionalFields"": {}, ""classificationParent"": null, ""parentPlanetLocation"": null, ""classificationOptions"": {"""": {""1"": false, ""2"": true}}}"
100,2025-05-18 02:38:06.705586+00,There isn't any tail or entity,4d9a57e6-ea3c-4836-aa18-1c3ee7f6f725,101455833,"[[],[""https://hlufptwhzkpkkjztimzo.supabase.co/storage/v1/object/public/media/1747535878384-4d9a57e6-ea3c-4836-aa18-1c3ee7f6f725-annotated-image.png"",""https://hlufptwhzkpkkjztimzo.supabase.co/storage/v1/object/public/telescope/telescope-active-asteroids/101455833.png""]]",active-asteroid,"{""createdBy"": 613, ""activePlanet"": 30, ""additionalFields"": {}, ""annotationOptions"": [], ""classificationParent"": null, ""parentPlanetLocation"": null, ""classificationOptions"": {}}"
101,2025-05-24 15:15:03.404117+00,"Repeating dips to an extent, but the arches on either side of the middle dip are a bit unusual",4d9a57e6-ea3c-4836-aa18-1c3ee7f6f725,356867115,"[[],[""https://hlufptwhzkpkkjztimzo.supabase.co/storage/v1/object/public/media/1748099659846-4d9a57e6-ea3c-4836-aa18-1c3ee7f6f725-annotated-image.png"",""356867115""]]",planet,"{""createdBy"": 613, ""activePlanet"": 30, ""additionalFields"": {""field_0"": ""11""}, ""annotationOptions"": [""Custom (x1)"", ""Clear dip (x4)"", ""Missing (x1)""], ""classificationParent"": null, ""parentPlanetLocation"": null, ""classificationOptions"": {"""": {""2"": true, ""3"": true}}}"
102,2025-05-26 02:54:27.945349+00,Just a lot of mess to be honest,4d9a57e6-ea3c-4836-aa18-1c3ee7f6f725,201175570,"[[],[""https://hlufptwhzkpkkjztimzo.supabase.co/storage/v1/object/public/media/1748228053048-4d9a57e6-ea3c-4836-aa18-1c3ee7f6f725-annotated-image.png"",""201175570""]]",planet,"{""createdBy"": 613, ""activePlanet"": 30, ""additionalFields"": {""field_0"": ""?""}, ""annotationOptions"": [""Custom (x2)"", ""Noise (x3)""], ""classificationParent"": null, ""parentPlanetLocation"": null, ""classificationOptions"": {"""": {""1"": true}}}"
103,2025-05-28 13:11:18.452536+00,There are significant dips a similar distance apart,4d9a57e6-ea3c-4836-aa18-1c3ee7f6f725,356867115,"[[],[""https://hlufptwhzkpkkjztimzo.supabase.co/storage/v1/object/public/media/1748437849108-4d9a57e6-ea3c-4836-aa18-1c3ee7f6f725-annotated-image.png"",""356867115""]]",planet,"{""createdBy"": 613, ""activePlanet"": 30, ""additionalFields"": {""field_0"": ""12""}, ""annotationOptions"": [""Clear dip (x4)"", ""Missing (x1)""], ""classificationParent"": null, ""parentPlanetLocation"": null, ""classificationOptions"": {"""": {""2"": true, ""3"": true}}}"
104,2025-06-02 01:15:44.638948+00,,4d9a57e6-ea3c-4836-aa18-1c3ee7f6f725,77792874,"[[],[""https://hlufptwhzkpkkjztimzo.supabase.co/storage/v1/object/public/media/1748826939803-4d9a57e6-ea3c-4836-aa18-1c3ee7f6f725-annotated-image.png"",""https://hlufptwhzkpkkjztimzo.supabase.co/storage/v1/object/public/telescope/lidar-jovianVortexHunter/77792874.png""]]",lidar-jovianVortexHunter,"{""createdBy"": 589, ""activePlanet"": 30, ""additionalFields"": {}, ""annotationOptions"": [""Vortex (x1)"", ""Turbulent region (x1)"", ""Cloud bands (x1)""], ""classificationParent"": null, ""parentPlanetLocation"": ""1"", ""classificationOptions"": {"""": {""1"": true, ""2"": true, ""3"": true}}}"
105,2025-06-15 18:20:59.480833+00,A single dip - we need more data for this sector I feel,4d9a57e6-ea3c-4836-aa18-1c3ee7f6f725,307111282,"[[],[""https://hlufptwhzkpkkjztimzo.supabase.co/storage/v1/object/public/media/1750011642671-4d9a57e6-ea3c-4836-aa18-1c3ee7f6f725-annotated-image.png"",""307111282""]]",planet,"{""createdBy"": 613, ""activePlanet"": 30, ""additionalFields"": {""field_0"": ""Unknown""}, ""annotationOptions"": [""Noise (x1)"", ""Clear dip (x1)"", ""Missing (x1)""], ""planetConfiguration"": {""mass"": 1, ""seed"": 1145, ""type"": ""terrestrial"", ""colors"": {""snow"": ""#FFFFFF"", ""beach"": ""#F0E68C"", ""ocean"": ""#1E90FF"", ""lowland"": ""#32CD32"", ""midland"": ""#228B22"", ""highland"": ""#8B4513"", ""mountain"": ""#A0A0A0"", ""atmosphere"": ""#87CEEB"", ""oceanPattern"": ""#1E7FFF""}, ""radius"": 2, ""biomass"": 0.7, ""debugMode"": false, ""noiseScale"": 1, ""temperature"": 288, ""liquidHeight"": 0.55, ""continentSize"": 0.5, ""continentCount"": 5, ""visibleTerrains"": {""snow"": true, ""beach"": true, ""ocean"": true, ""lowland"": true, ""midland"": true, ""highland"": true, ""mountain"": true}, ""terrainRoughness"": 0.6, ""volcanicActivity"": 0.2}, ""classificationParent"": null, ""parentPlanetLocation"": null, ""classificationOptions"": {"""": {""4"": true}}}"
106,2025-06-16 04:28:27.765514+00,I think I might need to revisit the tutorial...,4d9a57e6-ea3c-4836-aa18-1c3ee7f6f725,41432028,"[[],[""https://hlufptwhzkpkkjztimzo.supabase.co/storage/v1/object/public/media/1750048092213-4d9a57e6-ea3c-4836-aa18-1c3ee7f6f725-annotated-image.png"",""https://hlufptwhzkpkkjztimzo.supabase.co/storage/v1/object/public/telescope/satellite-planetFour/41432028.jpeg""]]",satellite-planetFour,"{""createdBy"": 613, ""activePlanet"": 30, ""additionalFields"": {}, ""annotationOptions"": [""Fan (x1)"", ""Blotch (x8)""], ""classificationParent"": null, ""parentPlanetLocation"": ""4"", ""classificationOptions"": {"""": {""2"": true}}}"
107,2025-06-16 22:04:02.816571+00,Quite a lot of soil,4d9a57e6-ea3c-4836-aa18-1c3ee7f6f725,57514102,"[[],[""https://hlufptwhzkpkkjztimzo.supabase.co/storage/v1/object/public/media/1750111434734-4d9a57e6-ea3c-4836-aa18-1c3ee7f6f725-annotated-image.png"",""https://hlufptwhzkpkkjztimzo.supabase.co/storage/v1/object/public/telescope/automatons-ai4Mars/57514102.jpeg""]]",automaton-aiForMars,"{""createdBy"": null, ""activePlanet"": 30, ""additionalFields"": {}, ""annotationOptions"": [""Consolidated Soil (x1)""], ""classificationParent"": null, ""parentPlanetLocation"": ""66"", ""classificationOptions"": {"""": {""2"": true}}}"
108,2025-06-17 18:14:41.705742+00,Lot of different cloud types here...,4d9a57e6-ea3c-4836-aa18-1c3ee7f6f725,104285644,"[[],[""https://hlufptwhzkpkkjztimzo.supabase.co/storage/v1/object/public/media/1750184071311-4d9a57e6-ea3c-4836-aa18-1c3ee7f6f725-annotated-image.png"",""https://hlufptwhzkpkkjztimzo.supabase.co/storage/v1/object/public/telescope/balloon-marsCloudsShapes/104285644/104285644/1.png""]]",balloon-marsCloudShapes,"{""createdBy"": 589, ""activePlanet"": 30, ""additionalFields"": {}, ""annotationOptions"": [""Ozone (x1)"", ""Vortex Cloud (x1)"", ""Cloudy Region (x2)""], ""classificationParent"": 4, ""parentPlanetLocation"": ""4"", ""classificationOptions"": {"""": {""1"": true}}}"
109,2025-06-21 22:42:08.717628+00,Classified as planet,4d9a57e6-ea3c-4836-aa18-1c3ee7f6f725,83746051,,planet,
110,2025-06-21 22:42:51.673344+00,"There's only really one dip, and a lot of missing data",4d9a57e6-ea3c-4836-aa18-1c3ee7f6f725,263723967,"[[],[""https://hlufptwhzkpkkjztimzo.supabase.co/storage/v1/object/public/media/1750545759423-4d9a57e6-ea3c-4836-aa18-1c3ee7f6f725-annotated-image.png"",""263723967""]]",planet,"{""createdBy"": 613, ""activePlanet"": 30, ""additionalFields"": {}, ""annotationOptions"": [""Clear dip (x2)"", ""Missing (x2)""], ""planetConfiguration"": {""mass"": 1, ""seed"": 770, ""type"": ""terrestrial"", ""colors"": {""snow"": ""#FFFFFF"", ""beach"": ""#E0E0E0"", ""ocean"": ""#D6E7FF"", ""lowland"": ""#E8E8F0"", ""midland"": ""#C8D8E0"", ""highland"": ""#A8B8C0"", ""mountain"": ""#889098"", ""atmosphere"": ""#87CEEB"", ""oceanPattern"": ""#C0D6FF""}, ""radius"": 2.1, ""biomass"": 0.7, ""debugMode"": false, ""noiseScale"": 1, ""temperature"": 58, ""liquidHeight"": 0.55, ""continentSize"": 0.5, ""continentCount"": 9, ""visibleTerrains"": {""snow"": true, ""beach"": true, ""ocean"": true, ""lowland"": true, ""midland"": true, ""highland"": true, ""mountain"": true}, ""terrainRoughness"": 0.6, ""volcanicActivity"": 0.2}, ""classificationParent"": null, ""parentPlanetLocation"": null, ""classificationOptions"": {}}"
111,2025-07-15 01:52:44.544307+00,Classified as planet,4d9a57e6-ea3c-4836-aa18-1c3ee7f6f725,757557575,,planet,
112,2025-07-16 13:06:33.635339+00,"Based on the part of the image I can see, I'm not able to find a clear transit here",4d9a57e6-ea3c-4836-aa18-1c3ee7f6f725,263723967,"[[""https://hlufptwhzkpkkjztimzo.supabase.co/storage/v1/object/public/media/1752671184027-4d9a57e6-ea3c-4836-aa18-1c3ee7f6f725-annotated-image.png"",""1752671184027-4d9a57e6-ea3c-4836-aa18-1c3ee7f6f725-annotated-image.png""],[""263723967"",""id""]]",planet,"{""createdBy"": 613, ""additionalFields"": {}, ""annotationOptions"": [""Missing (x2)"", ""Noise (x2)""], ""classificationParent"": null, ""parentPlanetLocation"": 30}"
113,2025-07-16 13:06:34.129841+00,,4d9a57e6-ea3c-4836-aa18-1c3ee7f6f725,263723967,"[[""263723967"",""id""]]",planet,"{""createdBy"": 613, ""additionalFields"": {}, ""annotationOptions"": [], ""classificationParent"": null, ""parentPlanetLocation"": 30}"